{
  "data": [
    {
      "id": 1,
      "username": "",
      "password": "",
      "number": ""
    },
    {
      "username": "nareshknaresh@gmail.com",
      "password": "Naresh@143",
      "number": "jkhjk",
      "id": 2
    },
    {
      "username": "sonu",
      "password": "sonu@143",
      "number": "9652467496",
      "id": 3
    },
    {
      "username": "sonu baby",
      "password": "sonunaresh@143",
      "number": "9652467496",
      "id": 4
    },
    {
      "NAMES": "sonu",
      "PHONE": "7893345892",
      "EMAIL": "nareshknaresh29@gamil.com",
      "PASSWORD": "sonu@143",
      "id": 5
    },
    {
      "NAMES": "naru",
      "PHONE": "9652467496",
      "EMAIL": "nareshknaresh29@gmail.com",
      "PASSWORD": "sona",
      "id": 6
    },
    {
      "NAMES": "sona",
      "PHONE": "7026665",
      "EMAIL": "sona@gmail.com",
      "PASSWORD": "sona@143",
      "id": 7
    },
    {
      "NAMES": "hello",
      "PHONE": "956232",
      "EMAIL": "dkljfd@kfd.com",
      "PASSWORD": "sona",
      "id": 8
    },
    {
      "NAMES": "hello",
      "PHONE": "9652467496",
      "EMAIL": "nareshknaresh29@gmail.com",
      "PASSWORD": "Naresh@143df",
      "id": 9
    },
    {
      "NAMES": "dfsf",
      "PHONE": "654",
      "EMAIL": "dfsd@fgf.com",
      "PASSWORD": "Naresh@143",
      "id": 10
    },
    {
      "NAMES": "hiuh",
      "PHONE": "9652467496",
      "EMAIL": "nareshknaresh29@gmail.comthu",
      "PASSWORD": "Naresh@143",
      "id": 11
    },
    {
      "NAMES": "jdflkj",
      "PHONE": "965",
      "EMAIL": "dfsd@fgf.com",
      "PASSWORD": "Naresh@143",
      "id": 12
    },
    {
      "NAMES": "nareshknaresh@gmail.com",
      "PHONE": "dsd",
      "EMAIL": "anaklrdj@jkldcom",
      "PASSWORD": "Naresh@143",
      "id": 13
    },
    {
      "NAMES": "naresh",
      "PHONE": "9652467496",
      "EMAIL": "nareshknaresh29@gmail.com",
      "PASSWORD": "hello",
      "id": 14
    },
    {
      "NAMES": "nareshknaresh@gmail.com",
      "PHONE": "654",
      "EMAIL": "jkhdf@lkjglka.com",
      "PASSWORD": "Naresh@143",
      "id": 15
    },
    {
      "NAMES": "naresh",
      "PHONE": "965574",
      "EMAIL": "kljdaslkf@kdlfk.cok",
      "PASSWORD": "naru",
      "id": 16
    },
    {
      "NAMES": "nareshknaresh@gmail.com",
      "PHONE": "9652467496",
      "EMAIL": "nareshknaresh29@gmail.com",
      "PASSWORD": "Naresh@143",
      "id": 17
    },
    {
      "NAMES": "nareshknaresh@gmail.com",
      "PHONE": "fdf",
      "EMAIL": "dfsd@fgf.com",
      "PASSWORD": "Naresh@143",
      "id": 18
    },
    {
      "NAMES": "nareshknaresh@gmail.com",
      "PHONE": "fd",
      "EMAIL": "fdd@l.f",
      "PASSWORD": "Naresh@143",
      "id": 19
    },
    {
      "NAMES": "nareshknaresh@gmail.com",
      "PHONE": "fdf",
      "EMAIL": "dsfas@dsf.com",
      "PASSWORD": "Naresh@143",
      "id": 20
    },
    {
      "NAMES": "nareshknaresh@gmail.com",
      "PHONE": "fdf",
      "EMAIL": "dsfas@dsf.com",
      "PASSWORD": "Naresh@143",
      "id": 21
    },
    {
      "NAMES": "naresh",
      "PHONE": "9352467496",
      "EMAIL": "nareshknaresh29@agmai.com",
      "PASSWORD": "naresh@143",
      "id": 22
    },
    {
      "NAMES": "nareshknaresh@gmail.com",
      "PHONE": "9652467496",
      "EMAIL": "nareshknaresh29@gmail.com",
      "PASSWORD": "Naresh@143",
      "id": 23
    }
  ]
}